0,-0.00000291655273437490 
0.01,-0.00000559384765624981 
0.02,-0.00000731411132812471 
0.03,-0.00001094843749999960 
0.04,-0.00000931909179687452 
0.05,-0.00000529716796874943 
0.06,-0.00000127524414062433 
0.07,-0.00000490957031249923 
0.08,-0.00001117573242187410 
0.09,-0.00001385302734374900 
0.1,-0.00001916215820312390 
0.11,-0.00001896835937499890 
0.12,-0.00002332045898437380 
0.13,-0.00001570966796874870 
0.14,-0.00001982250976562360 
0.15,-0.00002249980468749850 
0.16,-0.00002637338867187340 
0.17,-0.00003072548828124830 
0.18,-0.00003603461914062320 
0.19,-0.00003033789062499810 
0.2,-0.00002918706054687300 
0.21,-0.00002540439453124790 
0.22,-0.00002592836914062280 
0.23,-0.00002717011718749770 
0.24,-0.00002099487304687260 
0.25,-0.00001745146484374750 
0.26,-0.00001773618164062240 
0.27,-0.00002113124999999730 
0.28,-0.00002572260742187220 
0.29,-0.00002026513671874710 
0.3,-0.00001672172851562200 
0.31,-0.00000935019531249693 
0.32,-0.00001083120117187180 
0.33,-0.00001159443359374670 
0.34,-0.00001475024414062160 
0.35,-0.00001144609374999650 
0.36,-0.00001173081054687150 
0.37,-0.00001105849609374640 
0.38,-0.00000990766601562126 
0.39,-0.00000133984374999617 
0.4,0.00000387836914062893 
0.41,-0.00000023447265624598 
0.42,-0.00000195473632812088 
0.43,-0.00000846015624999578 
0.44,-0.00001041967773437070 
0.45,-0.00001142216796874560 
0.46,-0.00000668247070312050 
0.47,-0.00000505312499999540 
0.48,-0.00000940522460937031 
0.49,-0.00001064697265624520 
0.5,-0.00001404204101562010 
0.51,-0.00000882382812499502 
0.52,-0.00000934780273436992 
0.53,-0.00000963251953124483 
0.54,-0.00001111352539061970 
0.55,-0.00000924492187499464 
0.56,-0.00001192221679686950 
0.57,-0.00001436025390624440 
0.58,-0.00001703754882811940 
0.59,-0.00002043261718749430 
0.6,-0.00001760698242186920 
0.61,-0.00002267685546874410 
0.62,-0.00002822524414061900 
0.63,-0.00002827070312499390 
0.64,-0.00002209545898436880 
0.65,-0.00001735576171874370 
0.66,-0.00002386118164061860 
0.67,-0.00002821328124999350 
0.68,-0.00002658393554686840 
0.69,-0.00002973974609374330 
0.7,-0.00002763188476561820 
0.71,-0.00002121738281249310 
0.72,-0.00002102358398436800 
0.73,-0.00002011201171874290 
0.74,-0.00001800415039061780 
0.75,-0.00001733183593749270 
0.76,-0.00001594174804686760 
0.77,-0.00001694423828124250 
0.78,-0.00001746821289061740 
0.79,-0.00001440332031249230 
0.8,-0.00001181694335936720 
0.81,-0.00000946982421874215 
0.82,-0.00000377309570311705 
0.83,-0.00000645039062499195 
0.84,-0.00001175952148436690 
0.85,-0.00001228349609374180 
0.86,-0.00001711411132811670 
0.87,-0.00001883437499999160 
0.88,-0.00001457319335936650 
0.89,-0.00001270458984374140 
0.9,-0.00001083598632811630 
0.91,-0.00000920664062499119 
0.92,-0.00001020913085936610 
0.93,-0.00001145087890624100 
0.94,-0.00001293188476561590 
0.95,-0.00001489140624999080 
0.96,-0.00001182651367186570 
0.97,-0.00000971865234374062 
0.98,-0.00000497895507811552 
0.99,0.00000000000000000958 
1,0.00887330903320314000 
1.01,0.00206685732421876000 
1.02,-0.00473959438476561000 
1.03,-0.00591248164062499000 
1.04,-0.01271893334960940000 
1.05,-0.01365399833984370000 
1.06,-0.00924835043945311000 
1.07,-0.00180484609374999000 
1.08,0.00368846782226564000 
1.09,0.00529408154296877000 
1.1,0.00162453901367189000 
1.11,-0.00518191269531248000 
1.12,-0.01076240737304690000 
1.13,-0.01227767255859370000 
1.14,-0.00978800122070311000 
1.15,-0.00387502910156248000 
1.16,0.00177954458007814000 
1.17,0.00487166708984377000 
1.18,0.00308197319335939000 
1.19,-0.00229993749999998000 
1.2,-0.00852786381835936000 
1.21,-0.01250628818359370000 
1.22,-0.01167539125976560000 
1.23,-0.00724390351562498000 
1.24,-0.00135533569335936000 
1.25,0.00316826630859377000 
1.26,0.00431354799804690000 
1.27,0.00154552890625002000 
1.28,-0.00441347163085935000 
1.29,-0.00975901513671873000 
1.3,-0.01126112114257810000 
1.31,-0.00918129843749998000 
1.32,-0.00441389272460935000 
1.33,0.00090332744140627300 
1.34,0.00405957104492190000 
1.35,0.00346425214843752000 
1.36,-0.00108791245117185000 
1.37,-0.00674879775390623000 
1.38,-0.01074444868164060000 
1.39,-0.01102777539062500000 
1.4,-0.00747125346679685000 
1.41,-0.00228945322265622000 
1.42,0.00217959799804690000 
1.43,0.00379454277343753000 
1.44,0.00155815454101565000 
1.45,-0.00335217900390622000 
1.46,-0.00874533481445310000 
1.47,-0.01089343691406250000 
1.48,-0.00931533784179685000 
1.49,-0.00520014892578122000 
1.5,-0.00017769438476559700 
1.51,0.00312999941406253000 
1.52,0.00329049594726565000 
1.53,-0.00004791376953122060 
1.54,-0.00543867700195310000 
1.55,-0.00928503105468747000 
1.56,-0.01020406577148430000 
1.57,-0.00769166494140622000 
1.58,-0.00315442524414060000 
1.59,0.00120672070312503000 
1.6,0.00329372114257816000 
1.61,0.00184736220703128000 
1.62,-0.00234759047851559000 
1.63,-0.00718160078124997000 
1.64,-0.01005896069335930000 
1.65,-0.00930821513671872000 
1.66,-0.00580767954101559000 
1.67,-0.00134628457031247000 
1.68,0.00211285942382816000 
1.69,0.00288011376953128000 
1.7,0.00049490717773440900 
1.71,-0.00425655917968747000 
1.72,-0.00840270327148434000 
1.73,-0.00971555634765622000 
1.74,-0.00796423461914059000 
1.75,-0.00403566679687497000 
1.76,0.00028241274414066100 
1.77,0.00271872958984379000 
1.78,0.00207125249023441000 
1.79,-0.00148081445312496000 
1.8,-0.00599063041992184000 
1.81,-0.00907112021484371000 
1.82,-0.00917452504882809000 
1.83,-0.00637908222656246000 
1.84,-0.00226389331054684000 
1.85,0.00130530927734379000 
1.86,0.00257093764648441000 
1.87,0.00082407089843753900 
1.88,-0.00315554975585934000 
1.89,-0.00728470654296871000 
1.9,-0.00909114848632809000 
1.91,-0.00794514902343746000 
1.92,-0.00460037026367183000 
1.93,-0.00065983955078120900 
1.94,0.00203918237304692000 
1.95,0.00211187128906254000 
1.96,-0.00060016147460933300 
1.97,-0.00477166689453121000 
1.98,-0.00797154633789058000 
1.99,-0.00869558593749996000 
2,-0.00665260893554683000 
2.01,-0.00297526181640621000 
2.02,0.00057527866210941900 
2.03,0.00225362675781254000 
2.04,0.00114725317382817000 
2.05,-0.00222919853515621000 
2.06,-0.00615020102539058000 
2.07,-0.00840907949218746000 
2.08,-0.00791912495117183000 
2.09,-0.00514162646484371000 
2.1,-0.00147241411132808000 
2.11,0.00137973281250005000 
2.12,0.00199553696289067000 
2.13,-0.00001403486328120350 
2.14,-0.00376899243164058000 
2.15,-0.00708945781249995000 
2.16,-0.00826067026367183000 
2.17,-0.00684430947265620000 
2.18,-0.00364141059570308000 
2.19,-0.00021313085937495300 
2.2,0.00177505610351567000 
2.21,0.00129266689453130000 
2.22,-0.00149473208007808000 
2.23,-0.00516618867187495000 
2.24,-0.00768226928710933000 
2.25,-0.00780026884765620000 
2.26,-0.00559172543945308000 
2.27,-0.00221871425781245000 
2.28,0.00070664555664067500 
2.29,0.00174617529296880000 
2.3,0.00032493842773442500 
2.31,-0.00291896445312495000 
2.32,-0.00624134389648433000 
2.33,-0.00780565693359370000 
2.34,-0.00693767504882807000 
2.35,-0.00421137773437495000 
2.36,-0.00094914291992182200 
2.37,0.00127208115234380000 
2.38,0.00134955522460943000 
2.39,-0.00084711621093744700 
2.4,-0.00424797221679682000 
2.41,-0.00692315927734370000 
2.42,-0.00754192543945307000 
2.43,-0.00589348457031245000 
2.44,-0.00288127416992182000 
2.45,0.00004312861328130410 
2.46,0.00144058803710943000 
2.47,0.00056844785156255400 
2.48,-0.00218043061523432000 
2.49,-0.00538700927734370000 
2.5,-0.00727216704101557000 
2.51,-0.00694060117187495000 
2.52,-0.00468085659179682000 
2.53,-0.00164256708984370000 
2.54,0.00071766577148443100 
2.55,0.00124279121093756000 
2.56,-0.00040334799804681900 
2.57,-0.00343813955078119000 
2.58,-0.00618701801757807000 
2.59,-0.00721324023437494000 
2.6,-0.00608781694335932000 
2.61,-0.00346176865234369000 
2.62,-0.00061344985351556700 
2.63,0.00106394121093756000 
2.64,0.00071529711914068400 
2.65,-0.00155386943359369000 
2.66,-0.00457765512695307000 
2.67,-0.00668962929687494000 
2.68,-0.00685093452148432000 
2.69,-0.00507114111328119000 
2.7,-0.00228694340820307000 
2.71,0.00014841640625006000 
2.72,0.00104343442382819000 
2.73,-0.00009739228515618960 
2.74,-0.00272520629882806000 
2.75,-0.00546475371093744000 
2.76,-0.00682426206054682000 
2.77,-0.00618118251953119000 
2.78,-0.00395876215820306000 
2.79,-0.00125782617187494000 
2.8,0.00060833930664068600 
2.81,0.00070949990234381100 
2.82,-0.00106775258789056000 
2.83,-0.00383936054687494000 
2.84,-0.00607694506835931000 
2.85,-0.00664403154296869000 
2.86,-0.00532863754882806000 
2.87,-0.00284255507812494000 
2.88,-0.00040623823242181200 
2.89,0.00078617724609381300 
2.9,0.00010951069335943800 
2.91,-0.00213118417968744000 
2.92,-0.00476282631835931000 
2.93,-0.00637618720703119000 
2.94,-0.00617334204101556000 
2.95,-0.00434306523437494000 
2.96,-0.00182994663085931000 
2.97,0.00015225888671881600 
2.98,0.00062259428710944100 
2.99,-0.00070222167968743400 
3,-0.00317643217773431000 
3.01,-0.00546282529296868000 
3.02,-0.00636798305664056000 
3.03,-0.00548732050781243000 
3.04,-0.00333237084960931000 
3.05,-0.00096878837890618300 
3.06,0.00045522866210944200 
3.07,0.00019941660156256700 
3.08,-0.00164554584960931000 
3.09,-0.00412023486328118000 
3.1,-0.00589796586914056000 
3.11,-0.00608200058593743000 
3.12,-0.00465176284179681000 
3.13,-0.00236043623046868000 
3.14,-0.00033133618164055600 
3.15,0.00043950703125006900 
3.16,-0.00047091440429680600 
3.17,-0.00262116982421868000 
3.18,-0.00488244086914056000 
3.19,-0.00603929785156243000 
3.2,-0.00555125737304681000 
3.21,-0.00373270419921868000 
3.22,-0.00149784243164056000 
3.23,0.00006925078125006970 
3.24,0.00017471801757819500 
3.25,-0.00127068388671868000 
3.26,-0.00353530454101556000 
3.27,-0.00539892910156243000 
3.28,-0.00590356928710931000 
3.29,-0.00484681298828118000 
3.3,-0.00280981743164055000 
3.31,-0.00079387656249992900 
3.32,0.00020521860351569600 
3.33,-0.00034344501953117900 
3.34,-0.00217357348632805000 
3.35,-0.00433746660156243000 
3.36,-0.00568357651367180000 
3.37,-0.00554485244140618000 
3.38,-0.00404810102539055000 
3.39,-0.00197330273437493000 
3.4,-0.00033036479492180400 
3.41,0.00006603994140632150 
3.42,-0.00101784340820305000 
3.43,-0.00304416328124993000 
3.44,-0.00492908178710930000 
3.45,-0.00568685673828118000 
3.46,-0.00497104282226555000 
3.47,-0.00319603457031243000 
3.48,-0.00123823334960930000 
3.49,-0.00007022216796867690 
3.5,-0.00028918852539055200 
3.51,-0.00180541074218743000 
3.52,-0.00382957729492180000 
3.53,-0.00529388056640618000 
3.54,-0.00545805688476555000 
3.55,-0.00427736503906243000 
3.56,-0.00238607749023430000 
3.57,-0.00071658193359367600 
3.58,-0.00009647114257805090 
3.59,-0.00085998828124992600 
3.6,-0.00263293413085930000 
3.61,-0.00448292099609368000 
3.62,-0.00542683852539055000 
3.63,-0.00501631757812493000 
3.64,-0.00351047436523430000 
3.65,-0.00166129619140618000 
3.66,-0.00038490122070305000 
3.67,-0.00032202187499992500 
3.68,-0.00152912299804680000 
3.69,-0.00339920751953118000 
3.7,-0.00492547856445305000 
3.71,-0.00532580234374993000 
3.72,-0.00444131166992180000 
3.73,-0.00275315400390617000 
3.74,-0.00110112426757805000 
3.75,-0.00030157011718742400 
3.76,-0.00182042416992180000 
3.77,-0.00358595302734367000 
3.78,-0.00467151118164055000 
3.79,-0.00453996484374992000 
3.8,-0.00328845268554680000 
3.81,-0.00157421591796867000 
3.82,-0.00023992055664054900 
3.83,0.00004786113281257640 
3.84,-0.00088002612304679900 
3.85,-0.00255224443359367000 
3.86,-0.00408114731445305000 
3.87,-0.00466976699218742000 
3.88,-0.00404941694335930000 
3.89,-0.00256941357421867000 
3.9,-0.00097360942382804800 
3.91,-0.00004940195312492330 
3.92,-0.00027722084960929800 
3.93,-0.00155992744140617000 
3.94,-0.00321946508789055000 
3.95,-0.00439307011718742000 
3.96,-0.00448379428710930000 
3.97,-0.00347704287109367000 
3.98,-0.00191018891601555000 
3.99,-0.00056153808593742300 
4,-0.00010890776367179800 
4.01,-0.00079442685546867300 
4.02,-0.00227834926757805000 
4.03,-0.00378045527343742000 
4.04,-0.00450616967773430000 
4.05,-0.00411885673828117000 
4.06,-0.00285035727539055000 
4.07,-0.00133757558593742000 
4.08,-0.00032891010742179700 
4.09,-0.00034905322265617200 
4.1,-0.00139752641601555000 
4.11,-0.00293025742187492000 
4.12,-0.00413472670898430000 
4.13,-0.00439652021484367000 
4.14,-0.00361299633789055000 
4.15,-0.00219735332031242000 
4.16,-0.00086234018554679700 
4.17,-0.00027285439453117200 
4.18,-0.00073969184570304700 
4.19,-0.00202909765624992000 
4.2,-0.00347617436523430000 
4.21,-0.00430309482421867000 
4.22,-0.00411293032226555000 
4.23,-0.00303464082031242000 
4.24,-0.00161732299804680000 
4.25,-0.00056511259765617100 
4.26,-0.00041227231445304600 
4.27,-0.00125211269531242000 
4.28,-0.00264535639648430000 
4.29,-0.00385987451171867000 
4.3,-0.00426043754882805000 
4.31,-0.00367214804687492000 
4.32,-0.00241537221679679000 
4.33,-0.00111744404296867000 
4.34,-0.00043177661132804500 
4.35,-0.00070840410156241900 
4.36,-0.00181382065429679000 
4.37,-0.00316806533203117000 
4.38,-0.00406126020507804000 
4.39,-0.00403570507812492000 
4.4,-0.00313996928710929000 
4.41,-0.00183318857421867000 
4.42,-0.00076614418945304400 
4.43,-0.00048888984374991900 
4.44,-0.00113971655273429000 
4.45,-0.00239658330078117000 
4.46,-0.00358502231445304000 
4.47,-0.00409660097656242000 
4.48,-0.00367962006835929000 
4.49,-0.00257788330078117000 
4.5,-0.00134287993164054000 
4.51,-0.00060026914062491700 
4.52,-0.00072807827148429200 
4.53,-0.00166362177734367000 
4.54,-0.00292575219726554000 
4.55,-0.00384478691406242000 
4.56,-0.00396302573242179000 
4.57,-0.00322974599609367000 
4.58,-0.00204020161132804000 
4.59,-0.00099445117187491700 
4.6,-0.00060977006835929200 
4.61,-0.00109742294921867000 
4.62,-0.00220690688476554000 
4.63,-0.00334916914062492000 
4.64,-0.00393396069335929000 
4.65,-0.00367608623046867000 
4.66,-0.00272125375976554000 
4.67,-0.00156257363281242000 
4.68,-0.00078263862304679100 
4.69,-0.00077383154296866600 
4.7,-0.00155601079101554000 
4.71,-0.00271789218749992000 
4.72,-0.00364721499023429000 
4.73,-0.00387240205078117000 
4.74,-0.00329224731445304000 
4.75,-0.00221682890624992000 
4.76,-0.00119237241210929000 
4.77,-0.00072945400390616500 
4.78,-0.00107666254882804000 
4.79,-0.00204522363281241000 
4.8,-0.00313987358398429000 
4.81,-0.00378184775390616000 
4.82,-0.00364838735351554000 
4.83,-0.00282873554687491000 
4.84,-0.00174566088867179000 
4.85,-0.00094491044921866400 
4.86,-0.00083489731445303900 
4.87,-0.00147471816406241000 
4.88,-0.00253682905273429000 
4.89,-0.00345706005859366000 
4.9,-0.00376885844726554000 
4.91,-0.00331670664062491000 
4.92,-0.00235924233398429000 
4.93,-0.00137641669921866000 
4.94,-0.00086660375976553900 
4.95,-0.00109131230468741000 
4.96,-0.00194287631835929000 
4.97,-0.00297173037109366000 
4.98,-0.00362829926757804000 
4.99,-0.00359437011718741000 
5,-0.00290032866210929000 
5.01,-0.00190649716796866000 
5.02,-0.00111101040039054000 
5.03,-0.00091988886718741400 
5.04,-0.00143840600585929000 
5.05,-0.00239835380859366000 
5.06,-0.00329346274414054000 
5.07,-0.00366316152343741000 
5.08,-0.00332585346679679000 
5.09,-0.00247461962890616000 
5.1,-0.00153270708007804000 
5.11,-0.00098078476562491300 
5.12,-0.00110691909179679000 
5.13,-0.00183646162109366000 
5.14,-0.00279904125976554000 
5.15,-0.00348216777343741000 
5.16,-0.00354154916992179000 
5.17,-0.00295493447265616000 
5.18,-0.00203599067382804000 
5.19,-0.00125318457031241000 
5.2,-0.00100320561523429000 
5.21,-0.00141764560546866000 
5.22,-0.00228093325195304000 
5.23,-0.00314206757812491000 
5.24,-0.00355339721679679000 
5.25,-0.00331227080078116000 
5.26,-0.00256008969726554000 
5.27,-0.00167870937499991000 
5.28,-0.00111554194335929000 
5.29,-0.00116391748046866000 
5.3,-0.00179153618164054000 
5.31,-0.00267922812499991000 
5.32,-0.00336498647460929000 
5.33,-0.00348992451171866000 
5.34,-0.00300714770507804000 
5.35,-0.00216644121093741000 
5.36,-0.00140445053710929000 
5.37,-0.00110063857421866000 
5.38,-0.00141650434570304000 
5.39,-0.00218935253906241000 
5.4,-0.00300431010742179000 
5.41,-0.00344004404296866000 
5.42,-0.00328098305664054000 
5.43,-0.00261373847656241000 
5.44,-0.00178810522460929000 
5.45,-0.00121991337890616000 
5.46,-0.00120345004882803000 
5.47,-0.00173416933593741000 
5.48,-0.00254864838867178000 
5.49,-0.00321622314453116000 
5.5,-0.00338590239257803000 
5.51,-0.00298303769531241000 
5.52,-0.00222750698242178000 
5.53,-0.00149279169921866000 
5.54,-0.00116098657226553000 
5.55,-0.00140220390624991000 
5.56,-0.00208389487304678000 
5.57,-0.00285506826171866000 
5.58,-0.00331592426757803000 
5.59,-0.00322481249999991000 
5.6,-0.00264776811523428000 
5.61,-0.00187644638671866000 
5.62,-0.00131064711914053000 
5.63,-0.00123795820312491000 
5.64,-0.00169737866210928000 
5.65,-0.00244031962890616000 
5.66,-0.00308899301757803000 
5.67,-0.00330389199218741000 
5.68,-0.00298189643554678000 
5.69,-0.00229814306640616000 
5.7,-0.00160123051757803000 
5.71,-0.00124908847656241000 
5.72,-0.00142307436523428000 
5.73,-0.00203131318359366000 
5.74,-0.00275128540039053000 
5.75,-0.00321477324218741000 
5.76,-0.00317629819335928000 
5.77,-0.00267509853515616000 
5.78,-0.00196335200195303000 
5.79,-0.00140664453124991000 
5.8,-0.00129328178710928000 
5.81,-0.00168475302734366000 
5.82,-0.00236955434570303000 
5.83,-0.00299549824218741000 
5.84,-0.00323719409179678000 
5.85,-0.00297453447265616000 
5.86,-0.00234963852539053000 
5.87,-0.00168813613281241000 
5.88,-0.00132283491210928000 
5.89,-0.00144227001953116000 
5.9,-0.00197562114257803000 
5.91,-0.00264965585937491000 
5.92,-0.00311553627929678000 
5.93,-0.00312778388671865000 
5.94,-0.00268663793945303000 
5.95,-0.00202824589843740000 
5.96,-0.00149020053710928000 
5.97,-0.00134573427734365000 
5.98,-0.00166758149414053000 
5.99,-0.00229113281249990000 
6,-0.00288884428710928000 
6.01,-0.00314848447265615000 
6.02,-0.00294851040039053000 
6.03,-0.00239252070312490000 
6.04,-0.00176834252929678000 
6.05,-0.00140304130859365000 
6.06,-0.00147749594726553000 
6.07,-0.00195677480468740000 
6.08,-0.00258606831054678000 
6.09,-0.00304429248046865000 
6.1,-0.00308477250976553000 
6.11,-0.00270176621093740000 
6.12,-0.00209983901367178000 
6.13,-0.00158356611328115000 
6.14,-0.00141900219726553000 
6.15,-0.00168462382812490000 
6.16,-0.00225027475585928000 
6.17,-0.00281807900390615000 
6.18,-0.00309087836914053000 
6.19,-0.00292679296874990000 
6.2,-0.00242918217773428000 
6.21,-0.00184376376953115000 
6.22,-0.00147846254882803000 
6.23,-0.00150793671874990000 
6.24,-0.00193457885742178000 
6.25,-0.00252391630859365000 
6.26,-0.00296443540039053000 
6.27,-0.00303362636718740000 
6.28,-0.00270182124023428000 
6.29,-0.00214607080078115000 
6.3,-0.00165468071289053000 
6.31,-0.00146906210937490000 
6.32,-0.00169688100585928000 
6.33,-0.00221802998046865000 
6.34,-0.00275401293945303000 
6.35,-0.00302992265624990000 
6.36,-0.00291321030273428000 
6.37,-0.00245699111328115000 
6.38,-0.00191344282226553000 
6.39,-0.00155125195312490000 
6.4,-0.00155536479492178000 
6.41,-0.00192889169921865000 
6.42,-0.00247085610351553000 
6.43,-0.00290300117187490000 
6.44,-0.00299133276367178000 
6.45,-0.00270355107421865000 
6.46,-0.00218751743164053000 
6.47,-0.00172196718749990000 
6.48,-0.00152917084960928000 
6.49,-0.00171224853515615000 
6.5,-0.00217621489257803000 
6.51,-0.00268085507812490000 
6.52,-0.00295772182617178000 
6.53,-0.00287091669921865000 
6.54,-0.00246254907226553000 
6.55,-0.00195034355468740000 
6.56,-0.00159628745117177000 
6.57,-0.00158532705078115000 
6.58,-0.00191602680664052000 
6.59,-0.00242042773437490000 
6.6,-0.00283223588867177000 
6.61,-0.00293635849609365000 
6.62,-0.00269044692382802000 
6.63,-0.00222370039062490000 
6.64,-0.00177250561523427000 
6.65,-0.00157157451171865000 
6.66,-0.00172761606445302000 
6.67,-0.00214971230468740000 
6.68,-0.00261894233398427000 
6.69,-0.00289509130859365000 
6.7,-0.00282623051757802000 
6.71,-0.00246332187499990000 
6.72,-0.00199035463867177000 
6.73,-0.00165041474609365000 
6.74,-0.00162103149414052000 
6.75,-0.00191249296874990000 
6.76,-0.00238196225585927000 
6.77,-0.00277223720703115000 
6.78,-0.00288975825195302000 
6.79,-0.00267279687499990000 
6.8,-0.00224385307617177000 
6.81,-0.00182280478515615000 
6.82,-0.00162761586914052000 
6.83,-0.00175518574218740000 
6.84,-0.00214187182617177000 
6.85,-0.00259052568359365000 
6.86,-0.00285830063476552000 
6.87,-0.00281073378906240000 
6.88,-0.00248012495117177000 
6.89,-0.00203491162109365000 
6.9,-0.00170717387695302000 
6.91,-0.00166104257812490000 
6.92,-0.00192331459960927000 
6.93,-0.00235282783203115000 
6.94,-0.00272324438476552000 
6.95,-0.00284818242187490000 
6.96,-0.00265658237304677000 
6.97,-0.00226280947265615000 
6.98,-0.00186353364257802000 
6.99,-0.00167480468749990000 
7,-0.00178012358398427000 
7.01,-0.00213498837890615000 
7.02,-0.00254799282226552000 
7.03,-0.00280763300781240000 
7.04,-0.00277992456054677000 
7.05,-0.00248424736328115000 
7.06,-0.00207516196289052000 
7.07,-0.00176369374999990000 
7.08,-0.00170918842773427000 
7.09,-0.00194251025390615000 
7.1,-0.00234259477539052000 
7.11,-0.00269123886718740000 
7.12,-0.00281952651367177000 
7.13,-0.00264922041015615000 
7.14,-0.00228798657226552000 
7.15,-0.00191048320312489000 
7.16,-0.00171433725585927000 
7.17,-0.00179716591796864000 
7.18,-0.00212020942382802000 
7.19,-0.00250641699218739000 
7.2,-0.00275816166992177000 
7.21,-0.00274815830078114000 
7.22,-0.00247568911132802000 
7.23,-0.00209651093749989000 
7.24,-0.00179461303710927000 
7.25,-0.00172886259765614000 
7.26,-0.00193490903320302000 
7.27,-0.00230293300781239000 
7.28,-0.00264057124023427000 
7.29,-0.00276335595703114000 
7.3,-0.00261625786132802000 
7.31,-0.00228588828124989000 
7.32,-0.00193805288085927000 
7.33,-0.00175315205078114000 
7.34,-0.00182282153320302000 
7.35,-0.00211954667968739000 
7.36,-0.00247823959960927000 
7.37,-0.00271634658203114000 
7.38,-0.00270610395507802000 
7.39,-0.00245851757812489000 
7.4,-0.00210254741210927000 
7.41,-0.00182074716796864000 
7.42,-0.00176121743164052000 
7.43,-0.00194525214843739000 
7.44,-0.00227954077148427000 
7.45,-0.00259899541015614000 
7.46,-0.00272106235351552000 
7.47,-0.00259980410156239000 
7.48,-0.00228977143554677000 
7.49,-0.00196155517578114000 
7.5,-0.00178024321289052000 
7.51,-0.00184010312499989000 
7.52,-0.00211122768554677000 
7.53,-0.00244599482421864000 
7.54,-0.00267501000976552000 
7.55,-0.00268319023437489000 
7.56,-0.00246120444335927000 
7.57,-0.00212628896484364000 
7.58,-0.00185429829101552000 
7.59,-0.00178806933593739000 
7.6,-0.00196373002929677000 
7.61,-0.00228103134765614000 
7.62,-0.00258541274414052000 
7.63,-0.00270508710937489000 
7.64,-0.00259674877929677000 
7.65,-0.00231351298828114000 
7.66,-0.00200587290039052000 
7.67,-0.00183078164062489000 
7.68,-0.00188537788085927000 
7.69,-0.00213281591796864000 
7.7,-0.00245322758789052000 
7.71,-0.00266740878906239000 
7.72,-0.00267343569335927000 
7.73,-0.00246771943359364000 
7.74,-0.00215457641601552000 
7.75,-0.00189478789062489000 
7.76,-0.00182640561523427000 
7.77,-0.00198603603515614000 
7.78,-0.00227654047851552000 
7.79,-0.00255364648437489000 
7.8,-0.00267116752929677000 
7.81,-0.00257598837890614000 
7.82,-0.00230830434570302000 
7.83,-0.00202052265624989000 
7.84,-0.00185500170898427000 
7.85,-0.00190026689453114000 
7.86,-0.00213478500976552000 
7.87,-0.00242935683593739000 
7.88,-0.00263468549804677000 
7.89,-0.00264645458984364000 
7.9,-0.00246107524414051000 
7.91,-0.00216755136718739000 
7.92,-0.00192762124023426000 
7.93,-0.00186402412109364000 
7.94,-0.00201073461914051000 
7.95,-0.00228568730468739000 
7.96,-0.00254963413085926000 
7.97,-0.00266284853515614000 
7.98,-0.00256934418945301000 
7.99,-0.00232247558593739000 
8,-0.00204450346679676000 
8.01,-0.00188424619140614000 
8.02,-0.00192209438476551000 
8.03,-0.00214201777343739000 
8.04,-0.00242032006835926000 
8.05,-0.00261440361328114000 
8.06,-0.00262019125976551000 
8.07,-0.00244821035156239000 
8.08,-0.00217980854492176000 
8.09,-0.00195160205078114000 
8.1,-0.00188680864257801000 
8.11,-0.00201653183593739000 
8.12,-0.00227162612304676000 
8.13,-0.00251212568359364000 
8.14,-0.00261816235351551000 
8.15,-0.00253614238281239000 
8.16,-0.00230554331054676000 
8.17,-0.00204479775390614000 
8.18,-0.00189506782226551000 
8.19,-0.00192789160156239000 
8.2,-0.00212843510742176000 
8.21,-0.00239333896484364000 
8.22,-0.00258311586914051000 
8.23,-0.00259943085937489000 
8.24,-0.00243462768554676000 
8.25,-0.00218464873046864000 
8.26,-0.00197007993164051000 
8.27,-0.00190767910156239000 
8.28,-0.00202472163085926000 
8.29,-0.00226450341796863000 
8.3,-0.00249830375976551000 
8.31,-0.00260314414062488000 
8.32,-0.00252854116210926000 
8.33,-0.00231062275390613000 
8.34,-0.00206997485351551000 
8.35,-0.00192503007812488000 
8.36,-0.00195330795898426000 
8.37,-0.00214356337890613000 
8.38,-0.00238908735351551000 
8.39,-0.00256187695312488000 
8.4,-0.00257699565429676000 
8.41,-0.00243061533203113000 
8.42,-0.00218924965820301000 
8.43,-0.00198879707031238000 
8.44,-0.00193285620117176000 
8.45,-0.00204559208984363000 
8.46,-0.00226264438476551000 
8.47,-0.00248567812499988000 
8.48,-0.00258190522460926000 
8.49,-0.00251352294921863000 
8.5,-0.00230708891601551000 
8.51,-0.00208247128906238000 
8.52,-0.00194183315429676000 
8.53,-0.00197178583984363000 
8.54,-0.00214146508789051000 
8.55,-0.00236736992187488000 
8.56,-0.00253369956054676000 
8.57,-0.00254618642578113000 
8.58,-0.00240770161132801000 
8.59,-0.00218451953124988000 
8.6,-0.00199268022460926000 
8.61,-0.00194008896484363000 
8.62,-0.00204277602539051000 
8.63,-0.00225671796874988000 
8.64,-0.00245821850585926000 
8.65,-0.00254487529296863000 
8.66,-0.00248223520507801000 
8.67,-0.00229518105468738000 
8.68,-0.00208109077148426000 
8.69,-0.00195241552734363000 
8.7,-0.00197375493164051000 
8.71,-0.00214199863281238000 
8.72,-0.00235713686523426000 
8.73,-0.00251006806640613000 
8.74,-0.00252303344726551000 
8.75,-0.00239579374999988000 
8.76,-0.00218720639648426000 
8.77,-0.00200780849609363000 
8.78,-0.00195760981445301000 
8.79,-0.00205910058593738000 
8.8,-0.00225653374023426000 
8.81,-0.00244798544921863000 
8.82,-0.00252913930664050000 
8.83,-0.00246410664062488000 
8.84,-0.00228949389648425000 
8.85,-0.00208640947265613000 
8.86,-0.00196443344726550000 
8.87,-0.00199175429687488000 
8.88,-0.00214564252929675000 
8.89,-0.00234810009765613000 
8.9,-0.00248978618164050000 
8.91,-0.00250275156249988000 
8.92,-0.00237407631835925000 
8.93,-0.00217769111328113000 
8.94,-0.00201193090820300000 
8.95,-0.00196508183593738000 
8.96,-0.00206059116210925000 
8.97,-0.00224773623046863000 
8.98,-0.00242339692382800000 
8.99,-0.00250646484374988000 
9,-0.00244406401367175000 
9.01,-0.00227638974609363000 
9.02,-0.00208502895507800000 
9.03,-0.00197597285156238000 
9.04,-0.00200257592773425000 
9.05,-0.00214880791015613000 
9.06,-0.00233906333007800000 
9.07,-0.00247381093749988000 
9.08,-0.00248725483398425000 
9.09,-0.00236719287109363000 
9.1,-0.00218970903320300000 
9.11,-0.00203710800781238000 
9.12,-0.00199887221679675000 
9.13,-0.00209366376953113000 
9.14,-0.00226860668945300000 
9.15,-0.00243421855468738000 
9.16,-0.00250532358398425000 
9.17,-0.00244962197265613000 
9.18,-0.00229558540039050000 
9.19,-0.00211977636718738000 
9.2,-0.00201933354492175000 
9.21,-0.00204569736328113000 
9.22,-0.00218977602539050000 
9.23,-0.00237452851562488000 
9.24,-0.00249827026367175000 
9.25,-0.00250597197265613000 
9.26,-0.00239308774414050000 
9.27,-0.00222254238281238000 
9.28,-0.00207879389648425000 
9.29,-0.00204175439453113000 
9.3,-0.00212554008789050000 
9.31,-0.00228804160156237000 
9.32,-0.00244743276367175000 
9.33,-0.00250944599609362000 
9.34,-0.00245302661132800000 
9.35,-0.00229899003906237000 
9.36,-0.00213777573242175000 
9.37,-0.00204283583984362000 
9.38,-0.00206585004882800000 
9.39,-0.00219700878906237000 
9.4,-0.00235783549804675000 
9.41,-0.00247463876953112000 
9.42,-0.00247779458007800000 
9.43,-0.00237113105468737000 
9.44,-0.00220943823242175000 
9.45,-0.00207908818359362000 
9.46,-0.00204635532226550000 
9.47,-0.00212535585937487000 
9.48,-0.00228067963867175000 
9.49,-0.00242356201171862000 
9.5,-0.00249107817382800000 
9.51,-0.00244590390624987000 
9.52,-0.00230071987304675000 
9.53,-0.00214165888671862000 
9.54,-0.00205557153320300000 
9.55,-0.00208265312499987000 
9.56,-0.00220998374023425000 
9.57,-0.00236315419921862000 
9.58,-0.00247517231445300000 
9.59,-0.00247689257812487000 
9.6,-0.00237310014648425000 
9.61,-0.00221930283203112000 
9.62,-0.00209325942382800000 
9.63,-0.00206124433593737000 
9.64,-0.00213857006835925000 
9.65,-0.00228097392578112000 
9.66,-0.00241883188476550000 
9.67,-0.00247534218749987000 
9.68,-0.00242849311523425000 
9.69,-0.00229240087890612000 
9.7,-0.00214984868164050000 
9.71,-0.00206998203124987000 
9.72,-0.00209299624023425000 
9.73,-0.00221219208984362000 
9.74,-0.00236177368164050000 
9.75,-0.00246446074218737000 
9.76,-0.00246522397460924000 
9.77,-0.00237482998046862000 
9.78,-0.00222701411132799000 
9.79,-0.00211269433593737000 
9.8,-0.00208761772460924000 
9.81,-0.00215609091796862000 
9.82,-0.00228892446289049000 
9.83,-0.00241003437499987000 
9.84,-0.00246080249023424000 
9.85,-0.00241323564453112000 
9.86,-0.00228695297851549000 
9.87,-0.00214966445312487000 
9.88,-0.00207458295898424000 
9.89,-0.00209807568359362000 
9.9,-0.00220291606445299000 
9.91,-0.00234244882812487000 
9.92,-0.00242934487304674000 
9.93,-0.00242699775390612000 
9.94,-0.00233636450195299000 
9.95,-0.00220362187499987000 
9.96,-0.00209552280273424000 
9.97,-0.00206996767578112000 
9.98,-0.00214920747070299000 
9.99,-0.00228275878906237000 
10,-0.00240027983398424000 
10.01,-0.00244434873046862000 
10.02,-0.00239247524414049000 
10.03,-0.00227073847656237000 
10.04,-0.00214421655273424000 
10.05,-0.00207750908203112000 
10.06,-0.00210028403320299000 
10.07,-0.00221062734374987000 
10.08,-0.00234346088867174000 
10.09,-0.00242987841796862000 
10.1,-0.00242202836914049000 
10.11,-0.00233187363281237000 
10.12,-0.00220152358398424000 
10.13,-0.00210634443359362000 
10.14,-0.00208653149414049000 
10.15,-0.00216361796874987000 
10.16,-0.00228161752929674000 
10.17,-0.00239770302734362000 
10.18,-0.00243531196289049000 
10.19,-0.00238104589843737000 
10.2,-0.00226768315429674000 
10.21,-0.00214857822265612000 
10.22,-0.00209502993164049000 
10.23,-0.00211660859374987000 
10.24,-0.00222049194335924000 
10.25,-0.00233681669921861000 
10.26,-0.00241103208007799000 
10.27,-0.00240653164062486000 
10.28,-0.00231757319335924000 
10.29,-0.00219559716796861000 
10.3,-0.00210113579101549000 
10.31,-0.00208323691406236000 
10.32,-0.00215673452148424000 
10.33,-0.00228119404296861000 
10.34,-0.00238746997070299000 
10.35,-0.00242818925781236000 
10.36,-0.00237990463867174000 
10.37,-0.00227084853515611000 
10.38,-0.00215892133789049000 
10.39,-0.00210034863281236000 
10.4,-0.00213532573242174000 
10.41,-0.00222557138671861000 
10.42,-0.00233758950195299000 
10.43,-0.00240989082031236000 
10.44,-0.00240347631835924000 
10.45,-0.00232026005859361000 
10.46,-0.00219828403320299000 
10.47,-0.00211602480468736000 
10.48,-0.00210602143554674000 
10.49,-0.00217401611328111000 
10.5,-0.00228459868164049000 
10.51,-0.00237556210937486000 
10.52,-0.00240742885742174000 
10.53,-0.00236034052734361000 
10.54,-0.00225271997070299000 
10.55,-0.00214964531249986000 
10.56,-0.00210040366210924000 
10.57,-0.00212987783203111000 
10.58,-0.00222084125976549000 
10.59,-0.00232831347656236000 
10.6,-0.00239032670898423000 
10.61,-0.00237745224609361000 
10.62,-0.00229997817382798000 
10.63,-0.00218900800781236000 
10.64,-0.00211105541992173000 
10.65,-0.00210870830078111000 
10.66,-0.00217167856445298000 
10.67,-0.00226981972656236000 
10.68,-0.00235647651367173000 
10.69,-0.00238307958984361000 
10.7,-0.00233958012695298000 
10.71,-0.00224224765624986000 
10.72,-0.00214467592773423000 
10.73,-0.00209902314453111000 
10.74,-0.00213400024414048000 
10.75,-0.00222496367187486000 
10.76,-0.00232597592773423000 
10.77,-0.00238918544921861000 
10.78,-0.00237583247070298000 
10.79,-0.00229548730468736000 
10.8,-0.00219265190429673000 
10.81,-0.00211757041015611000 
10.82,-0.00211067739257798000 
10.83,-0.00217627949218736000 
10.84,-0.00227394213867173000 
10.85,-0.00235485673828111000 
10.86,-0.00237619614257798000 
10.87,-0.00232671523437486000 
10.88,-0.00223345014648423000 
10.89,-0.00214425244140611000 
10.9,-0.00210745219726548000 
10.91,-0.00214027597656236000 
10.92,-0.00221664467773423000 
10.93,-0.00230952216796861000 
10.94,-0.00236268286132798000 
10.95,-0.00234932988281236000 
10.96,-0.00227089877929673000 
10.97,-0.00217619814453111000 
10.98,-0.00210518403320298000 
10.99,-0.00210164062499986000 
11,-0.00216078276367173000 
11.01,-0.00225246396484361000 
11.02,-0.00232117641601548000 
11.03,-0.00234036249999986000 
11.04,-0.00229064233398423000 
11.05,-0.00220024833984361000 
11.06,-0.00212086020507798000 
11.07,-0.00208525624999986000 
11.08,-0.00212095112304673000 
11.09,-0.00220306201171861000 
11.1,-0.00229593950195298000 
11.11,-0.00235005722656236000 
11.12,-0.00233407241210923000 
11.13,-0.00226210126953110000 
11.14,-0.00217505688476548000 
11.15,-0.00211289531249985000 
11.16,-0.00210648081054673000 
11.17,-0.00216107705078110000 
11.18,-0.00225108344726548000 
11.19,-0.00232218847656235000 
11.2,-0.00234185307617173000 
11.21,-0.00229237216796860000 
11.22,-0.00221418032226548000 
11.23,-0.00213550996093735000 
11.24,-0.00210277709960923000 
11.25,-0.00213679716796860000 
11.26,-0.00221364438476548000 
11.27,-0.00229743007812485000 
11.28,-0.00234221674804673000 
11.29,-0.00233029931640610000 
11.3,-0.00226072075195298000 
11.31,-0.00217367636718735000 
11.32,-0.00211031850585923000 
11.33,-0.00211012470703110000 
11.34,-0.00216543872070298000 
11.35,-0.00224683183593735000 
11.36,-0.00231051987304673000 
11.37,-0.00232587783203110000 
11.38,-0.00228070356445298000 
11.39,-0.00219892285156235000 
11.4,-0.00213676127929673000 
11.41,-0.00211288095703110000 
11.42,-0.00214355141601548000 
11.43,-0.00221800605468735000 
11.44,-0.00229748510742173000 
11.45,-0.00233629033203110000 
11.46,-0.00231982700195298000 
11.47,-0.00225311953124985000 
11.48,-0.00217516694335923000 
11.49,-0.00212592529296860000 
11.5,-0.00213075590820298000 
11.51,-0.00218846249999985000 
11.52,-0.00226650600585923000 
11.53,-0.00232684443359360000 
11.54,-0.00233646020507797000 
11.55,-0.00228985039062485000 
11.56,-0.00220830893554672000 
11.57,-0.00213896962890610000 
11.58,-0.00212178852539047000 
11.59,-0.00215604785156235000 
11.6,-0.00222667436523422000 
11.61,-0.00230088974609360000 
11.62,-0.00234304458007797000 
11.63,-0.00231964277343735000 
11.64,-0.00225341381835922000 
11.65,-0.00217593974609360000 
11.66,-0.00212956918945297000 
11.67,-0.00213033242187485000 
11.68,-0.00218086127929672000 
11.69,-0.00225555517578110000 
11.7,-0.00231326176757797000 
11.71,-0.00231809238281235000 
11.72,-0.00227100405273422000 
11.73,-0.00219831513671860000 
11.74,-0.00213471801757797000 
11.75,-0.00211490507812485000 
11.76,-0.00215131772460922000 
11.77,-0.00222003017578110000 
11.78,-0.00228874262695297000 
11.79,-0.00231965234374985000 
11.8,-0.00229242241210922000 
11.81,-0.00223480673828110000 
11.82,-0.00216809926757797000 
11.83,-0.00212148945312485000 
11.84,-0.00213254077148422000 
11.85,-0.00218570146484360000 
11.86,-0.00225537094726547000 
11.87,-0.00229297988281235000 
11.88,-0.00230068159179672000 
11.89,-0.00225502880859360000 
11.9,-0.00218784282226547000 
11.91,-0.00212927011718735000 
11.92,-0.00211041420898422000 
11.93,-0.00213988837890610000 
11.94,-0.00219950903320297000 
11.95,-0.00225243046874985000 
11.96,-0.00227496616210922000 
11.97,-0.00224701845703110000 
11.98,-0.00219083833007797000 
11.99,-0.00212245605468734000 
12,-0.00208374174804672000 
12.01,-0.00209120419921859000 
12.02,-0.00214412563476547000 
12.03,-0.00220996699218734000 
12.04,-0.00225523217773422000 
12.05,-0.00225336357421859000 
12.06,-0.00221297446289047000 
12.07,-0.00215033437499984000 
12.08,-0.00209678608398422000 
12.09,-0.00207840869140609000 
12.1,-0.00210883989257797000 
12.11,-0.00217181015624984000 
12.12,-0.00223382338867172000 
12.13,-0.00225851240234359000 
12.14,-0.00223941723632797000 
12.15,-0.00218108378906234000 
12.16,-0.00212251108398422000 
12.17,-0.00209001748046859000 
12.18,-0.00210393989257797000 
12.19,-0.00215590429687484000 
12.2,-0.00221863530273422000 
12.21,-0.00225959384765609000 
12.22,-0.00226059633789047000 
12.23,-0.00221757539062484000 
12.24,-0.00215254272460922000 
12.25,-0.00210306181640609000 
12.26,-0.00209425473632797000 
12.27,-0.00213042812499984000 
12.28,-0.00219244135742172000 
12.29,-0.00224440576171859000 
12.3,-0.00226311333007797000 
12.31,-0.00223588339843734000 
12.32,-0.00218018178710922000 
12.33,-0.00212471943359359000 
12.34,-0.00209485766601547000 
12.35,-0.00210925859374984000 
12.36,-0.00215548081054672000 
12.37,-0.00221103408203109000 
12.38,-0.00224266157226547000 
12.39,-0.00223983593749984000 
12.4,-0.00220064311523421000 
12.41,-0.00214374521484359000 
12.42,-0.00210239907226546000 
12.43,-0.00208808906249984000 
12.44,-0.00212234838867171000 
12.45,-0.00217574833984359000 
12.46,-0.00222029575195296000 
12.47,-0.00223493593749984000 
12.48,-0.00221440522460921000 
12.49,-0.00216229248046859000 
12.5,-0.00210563383789046000 
12.51,-0.00207625058593734000 
12.52,-0.00209256557617171000 
12.53,-0.00214309443359359000 
12.54,-0.00219410180664046000 
12.55,-0.00222453300781234000 
12.56,-0.00221644370117171000 
12.57,-0.00217509755859359000 
12.58,-0.00212131000976546000 
12.59,-0.00208163867187484000 
12.6,-0.00208096635742171000 
12.61,-0.00211044052734359000 
12.62,-0.00216025161132796000 
12.63,-0.00221030195312484000 
12.64,-0.00222374584960921000 
12.65,-0.00219938701171859000 
12.66,-0.00214751352539046000 
12.67,-0.00210305703124984000 
12.68,-0.00207606635742171000 
12.69,-0.00209453466796859000 
12.7,-0.00214051762695296000 
12.71,-0.00219415683593734000 
12.72,-0.00222075991210921000 
12.73,-0.00221745576171859000 
12.74,-0.00217323852539046000 
12.75,-0.00212232207031234000 
12.76,-0.00208911069335921000 
12.77,-0.00208987392578109000 
12.78,-0.00212724360351546000 
12.79,-0.00218279687499984000 
12.8,-0.00222854057617171000 
12.81,-0.00223480673828109000 
12.82,-0.00220661977539046000 
12.83,-0.00215761738281234000 
12.84,-0.00211292163085921000 
12.85,-0.00209669755859359000 
12.86,-0.00211612290039046000 
12.87,-0.00215923476562484000 
12.88,-0.00221263471679671000 
12.89,-0.00223684521484359000 
12.9,-0.00222899516601546000 
12.91,-0.00219482675781234000 
12.92,-0.00214821694335921000 
12.93,-0.00211213447265608000 
12.94,-0.00211002661132796000 
12.95,-0.00214261113281233000 
12.96,-0.00218835483398421000 
12.97,-0.00223218447265608000 
12.98,-0.00224108247070296000 
12.99,-0.00221815917968733000 
13,-0.00217346342773421000 
13.01,-0.00212948544921858000 
13.02,-0.00211062954101546000 
13.03,-0.00212550898437483000 
13.04,-0.00215952905273421000 
13.05,-0.00221173271484358000 
13.06,-0.00223570395507796000 
13.07,-0.00222761464843733000 
13.08,-0.00219272846679671000 
13.09,-0.00214970751953108000 
13.1,-0.00211745317382796000 
13.11,-0.00211103867187483000 
13.12,-0.00214697280273421000 
13.13,-0.00219774091796858000 
13.14,-0.00222912915039046000 
13.15,-0.00223587382812483000 
13.16,-0.00220864389648421000 
13.17,-0.00216442666015608000 
13.18,-0.00211877387695296000 
13.19,-0.00210302832031233000 
13.2,-0.00212221440429671000 
13.21,-0.00216101962890608000 
13.22,-0.00219815004882796000 
13.23,-0.00221637910156233000 
13.24,-0.00220159057617171000 
13.25,-0.00216646513671858000 
13.26,-0.00212296567382796000 
13.27,-0.00209956386718733000 
13.28,-0.00210989741210921000 
13.29,-0.00214319970703108000 
13.3,-0.00218583305664046000 
13.31,-0.00221530722656233000 
13.32,-0.00221894155273421000 
13.33,-0.00218955830078108000 
13.34,-0.00214366625976546000 
13.35,-0.00210638749999983000 
13.36,-0.00209088120117171000 
13.37,-0.00210863173828108000 
13.38,-0.00213667036132796000 
13.39,-0.00217858593749983000 
13.4,-0.00219514018554671000 
13.41,-0.00218274423828108000 
13.42,-0.00214546547851546000 
13.43,-0.00210364082031233000 
13.44,-0.00207808569335921000 
13.45,-0.00208124150390608000 
13.46,-0.00210760532226546000 
13.47,-0.00215023867187483000 
13.48,-0.00218282319335921000 
13.49,-0.00218693603515608000 
13.5,-0.00216042387695296000 
13.51,-0.00211812070312483000 
13.52,-0.00208634487304671000 
13.53,-0.00207921259765608000 
13.54,-0.00209792016601545000 
13.55,-0.00213576835937483000 
13.56,-0.00216930991210920000 
13.57,-0.00217916494140608000 
13.58,-0.00216964008789045000 
13.59,-0.00213116503906233000 
13.6,-0.00209651811523420000 
13.61,-0.00207574814453108000 
13.62,-0.00208440688476545000 
13.63,-0.00211053144531233000 
13.64,-0.00214837963867170000 
13.65,-0.00217282939453108000 
13.66,-0.00216976450195295000 
13.67,-0.00214875527343733000 
13.68,-0.00210932319335920000 
13.69,-0.00207826513671858000 
13.7,-0.00206634770507795000 
13.71,-0.00208242343749983000 
13.72,-0.00211907534179670000 
13.73,-0.00214783173828108000 
13.74,-0.00215625122070295000 
13.75,-0.00213117460937483000 
13.76,-0.00209102475585920000 
13.77,-0.00205063564453108000 
13.78,-0.00203321528320295000 
13.79,-0.00203900292968733000 
13.8,-0.00206823784179670000 
13.81,-0.00210847861328108000 
13.82,-0.00212814321289045000 
13.83,-0.00212531757812483000 
13.84,-0.00209736987304670000 
13.85,-0.00206679033203108000 
13.86,-0.00204051743164045000 
13.87,-0.00203936660156233000 
13.88,-0.00206357709960920000 
13.89,-0.00210453564453108000 
13.9,-0.00213951274414045000 
13.91,-0.00214841074218733000 
13.92,-0.00213338295898420000 
13.93,-0.00209753974609358000 
13.94,-0.00206408911132795000 
13.95,-0.00203877324218733000 
13.96,-0.00204408237304670000 
13.97,-0.00207547060546857000 
13.98,-0.00210757661132795000 
13.99,-0.00213130859374983000 
14,-0.00213278959960920000 
14.01,-0.00210555966796857000 
14.02,-0.00206732387695295000 
14.03,-0.00204296503906232000 
14.04,-0.00204301049804670000 
14.05,-0.00206076103515607000 
14.06,-0.00209741293945295000 
14.07,-0.00212018789062482000 
14.08,-0.00213004291992170000 
14.09,-0.00211645068359357000 
14.1,-0.00207988969726545000 
14.11,-0.00205122421874982000 
14.12,-0.00203428237304670000 
14.13,-0.00204700849609357000 
14.14,-0.00207743969726545000 
14.15,-0.00211002421874982000 
14.16,-0.00212609995117170000 
14.17,-0.00211992470703107000 
14.18,-0.00208503852539045000 
14.19,-0.00204967382812482000 
14.2,-0.00202387944335920000 
14.21,-0.00202225009765607000 
14.22,-0.00204430727539045000 
14.23,-0.00206971406249982000 
14.24,-0.00209440307617170000 
14.25,-0.00209684111328107000 
14.26,-0.00208803403320295000 
14.27,-0.00206056484374982000 
14.28,-0.00202831049804670000 
14.29,-0.00200945458984357000 
14.3,-0.00202409477539045000 
14.31,-0.00205620078124982000 
14.32,-0.00208280385742170000 
14.33,-0.00209576923828107000 
14.34,-0.00209533618164045000 
14.35,-0.00206714921874982000 
14.36,-0.00203609116210920000 
14.37,-0.00201340712890607000 
14.38,-0.00201249555664045000 
14.39,-0.00203096386718732000 
14.4,-0.00205397807617170000 
14.41,-0.00207675302734357000 
14.42,-0.00207775551757795000 
14.43,-0.00206057441406232000 
14.44,-0.00203310522460920000 
14.45,-0.00200061162109357000 
14.46,-0.00199012973632795000 
14.47,-0.00200237734374982000 
14.48,-0.00203041596679669000 
14.49,-0.00206419677734357000 
14.5,-0.00207979399414044000 
14.51,-0.00207050839843732000 
14.52,-0.00204591030273419000 
14.53,-0.00201700556640607000 
14.54,-0.00199695336914044000 
14.55,-0.00199867363281232000 
14.56,-0.00202575522460919000 
14.57,-0.00206049306640607000 
14.58,-0.00208278950195294000 
14.59,-0.00208235644531232000 
14.6,-0.00206996049804669000 
14.61,-0.00204273056640607000 
14.62,-0.00201765395507794000 
14.63,-0.00201147871093732000 
14.64,-0.00202372631835919000 
14.65,-0.00204817607421857000 
14.66,-0.00207262583007794000 
14.67,-0.00208774453124982000 
14.68,-0.00208156928710919000 
14.69,-0.00206032080078107000 
14.7,-0.00202926274414044000 
14.71,-0.00201375644531232000 
14.72,-0.00201404116210919000 
14.73,-0.00203753388671857000 
14.74,-0.00206748657226544000 
14.75,-0.00208428007812482000 
14.76,-0.00208193295898419000 
14.77,-0.00206929775390607000 
14.78,-0.00204422114257794000 
14.79,-0.00201794824218732000 
14.8,-0.00201440483398419000 
14.81,-0.00202641318359357000 
14.82,-0.00204583852539044000 
14.83,-0.00206693867187482000 
14.84,-0.00206841967773419000 
14.85,-0.00206152666015607000 
14.86,-0.00203668930664044000 
14.87,-0.00201304824218732000 
14.88,-0.00200208784179669000 
14.89,-0.00200428662109357000 
14.9,-0.00202323344726544000 
14.91,-0.00204911874999982000 
14.92,-0.00206782631835919000 
14.93,-0.00206954658203107000 
14.94,-0.00204805883789044000 
14.95,-0.00202322148437482000 
14.96,-0.00199886264648419000 
14.97,-0.00198694521484357000 
14.98,-0.00200110688476544000 
14.99,-0.00202938476562482000 
15,-0.00205503081054669000 
15.01,-0.00206081845703107000 
15.02,-0.00204866176757794000 
15.03,-0.00202454218749982000 
15.04,-0.00199707299804669000 
15.05,-0.00199017998046857000 
15.06,-0.00199333579101544000 
15.07,-0.00201132558593731000 
15.08,-0.00203505756835919000 
15.09,-0.00204993701171856000 
15.1,-0.00204711137695294000 
15.11,-0.00202993027343731000 
15.12,-0.00200916030273419000 
15.13,-0.00198910810546856000 
15.14,-0.00198556469726544000 
15.15,-0.00200092265624981000 
15.16,-0.00202704721679669000 
15.17,-0.00204599404296856000 
15.18,-0.00205417426757794000 
15.19,-0.00204082128906231000 
15.2,-0.00202196538085919000 
15.21,-0.00199736728515606000 
15.22,-0.00198688540039044000 
15.23,-0.00199051972656231000 
15.24,-0.00201329467773419000 
15.25,-0.00203965849609356000 
15.26,-0.00205118833007794000 
15.27,-0.00204979824218731000 
15.28,-0.00203333491210919000 
15.29,-0.00200897607421856000 
15.3,-0.00199083793945294000 
15.31,-0.00198825156249981000 
15.32,-0.00200241323242169000 
15.33,-0.00202231708984356000 
15.34,-0.00204102465820294000 
15.35,-0.00203843828124981000 
15.36,-0.00203058823242169000 
15.37,-0.00201005751953106000 
15.38,-0.00198856977539044000 
15.39,-0.00197832714843731000 
15.4,-0.00199105327148419000 
15.41,-0.00201119638671856000 
15.42,-0.00202918618164044000 
15.43,-0.00203808417968731000 
15.44,-0.00202951635742169000 
15.45,-0.00201353154296856000 
15.46,-0.00198989047851544000 
15.47,-0.00197629824218731000 
15.48,-0.00197849702148419000 
15.49,-0.00199074462890606000 
15.5,-0.00200753813476544000 
15.51,-0.00202696347656231000 
15.52,-0.00203083706054669000 
15.53,-0.00202083369140606000 
15.54,-0.00200293481445294000 
15.55,-0.00198120781249981000 
15.56,-0.00197240073242169000 
15.57,-0.00198058095703106000 
15.58,-0.00199857075195294000 
15.59,-0.00201632128906231000 
15.6,-0.00202234819335919000 
15.61,-0.00201210556640606000 
15.62,-0.00199013930664043000 
15.63,-0.00197032636718731000 
15.64,-0.00195075268554668000 
15.65,-0.00195175517578106000 
15.66,-0.00196519907226543000 
15.67,-0.00198486367187481000 
15.68,-0.00199447944335918000 
15.69,-0.00200002783203106000 
15.7,-0.00198571782226543000 
15.71,-0.00196518710937481000 
15.72,-0.00194393862304668000 
15.73,-0.00193249970703106000 
15.74,-0.00193565551757793000 
15.75,-0.00194862089843731000 
15.76,-0.00196373959960918000 
15.77,-0.00197120205078106000 
15.78,-0.00196167719726543000 
15.79,-0.00195047753906231000 
15.8,-0.00193138237304668000 
15.81,-0.00191611533203106000 
15.82,-0.00191998891601543000 
15.83,-0.00193008320312481000 
15.84,-0.00195166186523418000 
15.85,-0.00196941240234356000 
15.86,-0.00197137192382793000 
15.87,-0.00195801894531231000 
15.88,-0.00193916303710918000 
15.89,-0.00192868115234356000 
15.9,-0.00191772075195293000 
15.91,-0.00192350839843731000 
